mfName,MFType,score_raw,age_months,cost_of_uniqueness,crowding_score,flow_vol_ann_36m_std,flows_ann_36m_avg,ret_3m,ret_6m,value_added,vol_ret_36m,score_0_100,rank
Insight Money,PU,0.6807162402697379,124,1.459791133828828,-0.027544259750167,0.002299672058659,-0.001442626228563,0.0148256522276069,0.0307638559770175,1.223871981726627,0.0005375048076566,100.0,1
Insight Money Syariah,PU,0.6453013937370637,123,1.541130426758129,0.0266884788230736,0.0023319745079706,-0.0014573441328703,0.0152437678301036,0.0316151609602379,0.8858947539928811,0.0005877127976653,98.0,2
Cipta Dana Cash,PU,0.5893031572393952,127,1.079949743144008,0.0740309849153298,0.0023695860536377,-0.0014322244261032,0.0148812060178988,0.0317936907591474,0.5661584681399309,0.0008109185204602,94.8,3
SAM Dana Kas,PU,0.5049629918451987,106,1.497527894647444,-0.0016507908543085,0.0023656302528454,-0.0014638369096273,0.0148720768599675,0.0316496766819285,-0.4569122659243,0.0010484762488699,90.0,4
Mega Dana Kas,PU,0.3904069229558605,233,0.9797477846289364,-0.0206708457919443,0.0021084585475582,-0.0013232605197715,0.0123495363969494,0.0275282566520176,0.7274009893247735,0.0007918141130862,83.5,5
Pinnacle Money Market Fund,PU,0.3857176430664895,111,1.692335011477537,0.1136506721028091,0.0022684466103937,-0.0013975921519005,0.0149195518276086,0.0302410083923123,0.5777029563048769,0.0005085655355686,83.2,6
Manulife Indonesia Money Market Fund Kelas A,PU,0.3810887472135803,213,1.490989598627116,-0.0060432355672908,0.0020725055807248,-0.0012819677620918,0.0134155320989153,0.0281085472435245,0.2224855954001923,0.0006265055238611,83.0,7
KISI Money Market Fund,PU,0.3686670835649569,72,0.4964985126294734,-0.0070523622557953,0.0020393865852279,-0.0012585885621699,0.0132813598235579,0.0270355374443098,0.2995173655832639,0.0004308290595716,82.3,8
Majoris Pasar Uang Indonesia,PU,0.3633428177474895,116,0.9711961769075576,-0.0296580894543453,0.0020723995945405,-0.0013089197300684,0.0134710268955802,0.0273228663733795,-0.0539801474968449,0.0004056189186204,82.0,9
Prospera Dana Lancar,PU,0.3290426259963313,112,1.035960230559168,0.0347119797637004,0.0019377060238994,-0.0011352895914207,0.0140030101158381,0.0289296109713805,-0.3532436686720961,0.0010707679587233,80.0,10
MNC Dana Lancar,PU,0.3137217378346674,257,2.696802079161964,0.0729760929371283,0.0022829479901706,-0.0014066605479242,0.0147266987094618,0.0295318562559112,0.3408108453515668,0.0005001140909515,79.1,11
BRI Seruni Pasar Uang III,PU,0.3031969251099619,191,1.528734888716826,0.0187965152943851,0.0022567311025603,-0.0013256103004427,0.0139472976971224,0.0276726978414318,-0.044317609512685,0.0006991650683902,78.5,12
Avrist Ada Kas Mutiara,PU,0.264567853202856,104,1.128925674363905,0.114202092566057,0.0022416181197937,-0.0013072597590323,0.0144348948517805,0.028901797113902,0.291374802778145,0.0006883397393913,76.3,13
Syailendra Dana Kas,PU,0.2507283158278598,126,1.054224519150383,0.0514354562670234,0.0020691325599726,-0.001270624088401,0.0138099750109999,0.0283673531531742,-0.2294167182258647,0.0005639072112122,75.5,14
PNM Dana Tunai,PU,0.2384912803885337,130,1.161862702546013,0.1393131066100325,0.0021757554771643,-0.0013537561657085,0.0137747505182246,0.0272184929019623,0.5096984845581749,0.0009485895640956,74.9,15
Demina Money Market Fund,PU,0.2312777516315201,100,3.236488801319075,0.0730695564967476,0.0022451587331633,-0.0013640773665431,0.015087934959405,0.0290080120649605,0.470349898018679,0.0008017358959316,74.4,16
Purwanto Likuid Plus,PU,0.2101195106390208,46,1.034161905719925,0.0330334211026105,0.0022368182240515,-0.0013880419249444,0.0141956472243622,0.0277218165128863,-0.6154477458235954,0.0008838723939178,73.2,17
Majoris Pasar Uang Syariah Indonesia,PU,0.2074728403397273,95,1.006588411107496,0.0065452880589467,0.001920545570666,-0.0012053792030376,0.0126358188861319,0.0264036786661281,-0.0188014811205269,0.0004545156570897,73.1,18
STAR Money Market Kelas Utama,PU,0.1992585128900557,98,1.507760415332141,0.0051469817440666,0.0018476256507786,-0.0011619403545895,0.0122576120793727,0.0262092796481683,0.2226564499196367,0.0005821638637752,72.6,19
PNM PUAS,PU,0.1847475581036387,258,1.309282822387926,0.045278851424785,0.0023955665338568,-0.0014966558675021,0.0137897052407383,0.0250913387888405,-1.012574110860795,0.0011615373556504,71.8,20
Capital Money Market Fund,PU,0.1731790347683634,120,2.269441291666358,0.1187258258919394,0.0020484142555105,-0.0013088993908754,0.0134205465435892,0.0284593057729152,1.017533545399557,0.0004745393723106,71.1,21
Capital Sharia Money Market,PU,0.1574907670348736,96,2.144806195876093,0.0675148160959798,0.0020714342064628,-0.0013464379700038,0.0129898086825412,0.0274562937912148,0.2655885033046905,0.0005097297042831,70.2,22
Syailendra Sharia Money Market Fund,PU,0.1510249574897457,98,1.147365452895381,0.1284381123063305,0.0020478363026981,-0.0012861736364676,0.0132792996652177,0.0284970738432075,-0.0030498301505161,0.0005791625227669,69.9,23
BRI Seruni Pasar Uang Syariah,PU,0.1291785036375361,89,1.073289004145195,0.0682845010636861,0.0018036916828437,-0.0011303711251055,0.0126045239905252,0.027543404637125,0.1826098515448453,0.0008771275246191,68.6,24
Sucorinvest Money Market Fund,PU,0.1202829469494233,134,3.677246668329648,0.0482009188712272,0.0020723255162195,-0.0012906830487113,0.0130382428538222,0.0277736973349536,-0.4064786868401342,0.0010972056180379,68.1,25
Danamas Rupiah Plus,PU,0.1160550993490897,236,1.001437033360483,0.0014349712589129,0.0018151122399304,-0.0011425949798467,0.0121467524131413,0.0256730751291602,-0.5120798649917391,0.0004300149083794,67.9,26
Premier Pasar Uang II,PU,0.1040970758927285,116,1.09691576627858,0.0883529704449215,0.0020071053227454,-0.0012121028094518,0.0129999288139548,0.0265243313611904,-0.1766577746403317,0.0004899691041442,67.2,27
HPAM Ultima Money Market,PU,0.082458115943984,124,2.307368994873186,0.1332118943940647,0.0021428590208459,-0.0012985258195354,0.0150776411192652,0.0283827583049294,0.0047432811564248,0.00063784727236,66.0,28
BRI Gamasteps Pasar Uang,PU,0.073012375612574,37,1.084100291086016,0.0775761170599516,0.0019348920479133,-0.0012071197260217,0.0129716537281525,0.0266786990902905,-0.3026758233275247,0.0015884124059665,65.4,29
Trimegah Kas Syariah,PU,0.0624630242927185,108,2.074336531472877,0.0358362928796774,0.0019554903301287,-0.0012238299573633,0.0127185197576109,0.0264118500328696,-0.0384253218528773,0.0004717821901265,64.8,30
BNI-AM Dana Likuid Kelas A,PU,0.0553438925326913,156,1.66954571536944,0.1015520053201552,0.0020186283232533,-0.001189802488664,0.013024127263886,0.0278392598378312,-0.8798487778891904,0.0007043208932261,64.4,31
Panin Dana Likuid,PU,0.0359742998038431,162,0.3565764274337844,0.158665641026679,0.0019634835140241,-0.0011792095316713,0.0127497959564786,0.0271212490714543,-0.8362145301732881,0.0008336578587147,63.3,32
Manulife Dana Kas II Kelas A,PU,0.0316227580494795,204,2.002866813965019,0.0014313552678741,0.0018883029295259,-0.0011363324931836,0.0122990506711104,0.0255231500166661,-0.7660578628220205,0.0006468640119839,63.1,33
Ashmore Dana Pasar Uang Nusantara,PU,0.030754539062803,111,1.070741478243507,0.0660677480801007,0.0016501709135219,-0.0010289908492464,0.0114483459062888,0.0276207243124979,-0.5498562844762439,0.0009199494792891,63.0,34
Trim Kas 2 Kelas A,PU,0.0239827888433035,214,2.175140935230265,0.0805193504446293,0.0019556825234122,-0.0012253611683049,0.0126681058706255,0.0261196297026855,-0.0927427429090473,0.0005063172001254,62.7,35
Sequis Liquid Prima II,PU,0.0088748008370736,43,1.690848047983278,0.1128711998756527,0.0020393457059513,-0.0012858492162658,0.0130977663852034,0.0269362936153387,0.243131938937564,0.0003892934370866,61.8,36
Manulife Dana Kas II Kelas I3,PU,-0.0080713750278484,52,2.002866813965019,0.0014313552678741,0.0018867690941582,-0.0011342437452712,0.0122930026050389,0.0254761905948708,-0.4823014124974704,0.0006495726116284,60.8,37
PNM Falah 2,PU,-0.0138274191145255,75,1.107861010093077,0.0973596950433477,0.0014836404211397,-0.000946128534457,0.0106200172595767,0.0232481876030048,0.2974354444674498,0.0017195558126612,60.5,38
Sucorinvest Sharia Money Market Fund,PU,-0.0459035293273411,86,1.612076649387079,0.0695231516626032,0.0018590540820678,-0.0012082074545369,0.0120873399598353,0.024957389555823,-0.4257346460560479,0.000852056067907,58.7,39
Bahana Revolving Fund,PU,-0.050252369787984,143,3.215719888581506,0.067082922659866,0.0019558463646396,-0.0012278431866787,0.012847582566621,0.0269194684122537,-0.1586997186592436,0.000732969400496,58.4,40
BNI AM Dana Pasar Uang Kemilau Kelas A,PU,-0.1092103463985724,129,1.416088630055585,0.117286889062209,0.0017457293084615,-0.0010610349859356,0.0114605032233159,0.0265590687904298,-0.9648565282806628,0.0011038185621985,55.1,41
PNM Arafah,PU,-0.1218087151221592,84,1.123636295580712,0.1100323085565827,0.0017070450198226,-0.0010923821499652,0.0113173842521774,0.0245691880317695,-0.431817840355936,0.0014376738012254,54.4,42
Panin Dana Likuid Syariah,PU,-0.1469090729816758,95,0.5098705800585039,0.0193589911725665,0.0018610455386667,-0.0011535170594884,0.0117244683243233,0.0235822995872729,-0.965452515206182,0.0005108531519498,52.9,43
Mandiri Pasar Uang Optima 2,PU,-0.1691150152044344,95,1.542381608083078,0.0274780299900954,0.001345727511126,-0.0008551840452745,0.0096928872412784,0.024063562784274,-0.1580051929143275,0.0005230278536696,51.7,44
Bahana Cash Management,PU,-0.1701471757802704,94,4.231831429880914,0.0547827657415545,0.0018804490061887,-0.0011846393195006,0.0125177634635302,0.0254700141694594,0.2377759672611587,0.0007492246971539,51.6,45
Bahana Likuid Syariah Kelas S,PU,-0.1780029993961272,131,3.416674845535105,0.121953321393639,0.0021109414064426,-0.0013171529380706,0.0131048222993308,0.0263649278255364,0.0101676302775708,0.0005314533913174,51.2,46
BRI Seruni Pasar Uang II Kelas A,PU,-0.1780656579487888,216,1.663311079761182,0.0981843274828844,0.0019960019049697,-0.0011738198011771,0.0123716097088162,0.0247217696060584,-0.8114706269570093,0.0006037594101931,51.2,47
Valbury Money Market I,PU,-0.1792544019703503,101,1.108381464865547,0.097783541408006,0.0017769029852852,-0.001077841110221,0.0117607458945334,0.0242166093803959,-0.3252217102397471,0.0005629300641668,51.1,48
Manulife Dana Kas Syariah,PU,-0.2062000115965059,87,1.956948130703503,-0.0219994943253914,0.0017595769549227,-0.0010701570503258,0.0115289720710962,0.023076747073667,-0.9851542852380036,0.0007062366857854,49.6,49
BNIAM Dana Lancar Syariah,PU,-0.2146898652858922,150,0.9894844983437536,-0.0106272525480164,0.0015113264554467,-0.0009220322135169,0.0103856727879849,0.0225444884392873,-1.20052153897798,0.0008072720416355,49.1,50
Schroder Dana Likuid,PU,-0.2393454333620663,260,1.069966246423686,0.0653910781368526,0.0017413680013048,-0.0010876310861811,0.0109476259738534,0.0238430863784939,-1.380808145781004,0.0009047102574857,47.7,51
Maybank Dana Pasar Uang,PU,-0.2431827547762356,172,1.154378421833053,0.1337329413936148,0.0017866196539519,-0.0010914222926636,0.0114494152877808,0.0241044145119846,-0.5629493567905512,0.0005301290072102,47.5,52
Batavia Dana Kas Maxima,PU,-0.2578243629314856,228,2.189895951856852,0.0867146001598096,0.0017978417603981,-0.0011234393331166,0.0120237787423846,0.0241707330898113,-0.9927858252200938,0.0004866477842064,46.6,53
Bahana Gebyar Dana Likuid,PU,-0.2587704218874902,39,1.680561601512307,0.1074412275930994,0.0020505395305653,-0.0012922516906613,0.0128425769766562,0.024593983948048,-0.6102386385886451,0.0006183164007436,46.6,54
Principal Cash Fund,PU,-0.2590414898789822,169,1.14012385820414,0.1229023120565646,0.001731003715874,-0.0010878151136368,0.0114887097238622,0.0247593075359791,-1.063273794709109,0.0008556824339541,46.6,55
Bahana Likuid Syariah Kelas G,PU,-0.2926186692416213,68,4.555566460713472,0.121953321393639,0.0021053452798117,-0.0013116899677561,0.0130685078477528,0.0262985028365789,-0.128369767007289,0.0005758303569628,44.7,56
Allianz Rupiah Liquid Fund Kelas A,PU,-0.2936204047980728,175,1.587511424484546,0.0551249100540871,0.00161531294748,-0.0010171520755052,0.0105508824112958,0.0233994916088438,-1.427974349655746,0.0008152033732036,44.6,57
BRI Gebyar Dana Likuid,PU,-0.2940422933131315,238,1.515463146449096,0.0102035780185933,0.0017276512594677,-0.0010483801585432,0.0109507207417762,0.0221170824878034,-1.416365182886583,0.0005013181949018,44.6,58
Bahana Dana Likuid Kelas G,PU,-0.300092513173117,262,2.295867658250733,0.1288696485563808,0.0018310682060185,-0.0011299813251593,0.0122032479293627,0.0250677378780774,-0.9176307786473556,0.0005709372654776,44.2,59
UOBAM ESG Pasar Uang Indonesia,PU,-0.3125160206800037,61,1.166500266417401,0.142734872173465,0.0017746400496868,-0.001051109932856,0.0117607206134999,0.0248543273213255,-0.7412404827094445,0.0010901051747714,43.5,60
PNM Dana Kas Platinum 2,PU,-0.3198285093987401,66,1.051386833391547,0.0488752871536198,0.0017549588825187,-0.0011009370760002,0.0114514043053675,0.0195086018998402,-0.1975454887500456,0.0010349301134291,43.1,61
Mandiri Investa Pasar Uang Kelas A,PU,-0.3302453591527263,257,1.566398911367912,0.0423895285460373,0.0016482699477532,-0.0010323997125288,0.0104491822975874,0.022374424696697,-1.321169988748365,0.0004966275495941,42.5,62
Sequis Liquid Prima,PU,-0.3533708071613285,111,1.651998277442623,0.0920087384582045,0.0016590029460746,-0.0010304263034202,0.0110030004243748,0.0228788697713897,-0.6329742105330799,0.0005028498182186,41.2,63
UOBAM Dana Rupiah,PU,-0.362191912565704,56,2.634093875670223,0.1458163200704051,0.0017643511459377,-0.00112354424121,0.0125103666121491,0.0258271055587213,-0.5714574643200743,0.001159185526874,40.7,64
Eastspring Syariah Money Market Khazanah Kelas B,PU,-0.3759524724306923,72,0.7492977579618871,-0.0009372002393587,0.0014407779644219,-0.0009250572800364,0.0098832549750154,0.0219198622842111,-0.8870331614497282,0.000987181221603,39.9,65
Bahana Likuid Plus,PU,-0.3809227029829733,100,4.769791705390871,0.1613889563606821,0.002000440202129,-0.001249762589417,0.0130220907063005,0.026464143227963,0.0175373559795226,0.0005251403281844,39.6,66
Maybank Syariah Money Market Fund 2,PU,-0.4262619840581495,110,1.112466535663852,0.1010965562184204,0.0015928728132923,-0.0009939858189993,0.010356470324603,0.0223306176682396,-1.050431644545488,0.0004594051044557,37.1,67
Mandiri Pasar Uang Syariah Kelas A,PU,-0.4491749661964149,98,1.527937977019516,0.0182847585698557,0.0013374346243392,-0.0008393730168292,0.0093045838116525,0.0211533268740795,-0.9217623050623786,0.000448678033536,35.8,68
Simpan Cash Fund,PU,-0.4581444664061574,36,2.248753924502297,0.1106185615917724,0.0016271440724615,-0.0010325134662549,0.0104944973329421,0.0231751552460535,-0.6298679573033706,0.0006509499157824,35.2,69
BNP Paribas Rupiah Plus,PU,-0.7115764756947686,268,2.123457239866825,0.0581397343676052,0.0013166265712305,-0.0008242276383856,0.0090219430004703,0.0195267111523345,-3.300577443063441,0.0006059668307754,20.8,70
Jarvis Money Market Fund,PU,-0.8147725412498245,81,1.061852963096261,0.0582500263651421,0.001306616308108,-0.000822507808413,0.0086558062750743,0.01799534130497,-1.644536699801167,0.0009103642751624,15.0,71
Phillip Money Market Fund,PU,-0.927852078844156,186,1.138927997399617,0.121981369952109,0.0013187784689737,-0.0008383806168235,0.0082918108789045,0.0177455609423007,-1.774673143108933,0.0003060521223375,8.5,72
Batavia Dana Likuid,PU,-1.077909392630315,144,2.111346079248987,0.0527370099782946,0.0010084652963979,-0.0006307506451059,0.0067721727848535,0.0160515147338311,-1.969555281155246,0.0004952271628829,0.0,73
